date,xu100_close,ma50,ma200,above_ma200,above_ma50,up,down,flat,total_breadth,up_ratio_pct,bias,regime,exposure_multiplier,strong_buy_threshold
2026-07-03,14417.9,14297.96,12639.75,True,True,329,259,24,612,53.8,ADVANCING,RISK_ON,1.0,75
2026-07-06,14424.5,14294.69,12656.87,True,True,179,409,24,612,29.2,DECLINING,NEUTRAL,1.0,75
2026-07-07,14497.4,14294.94,12673.44,True,True,247,332,34,613,40.3,DECLINING,NEUTRAL,1.0,75
2026-07-08,14190.0,14291.24,12688.56,True,False,85,518,11,614,13.8,DECLINING,NEUTRAL,1.0,75
2026-07-09,14105.4,14286.63,12703.85,True,False,233,350,32,615,37.9,DECLINING,NEUTRAL,1.0,75
2026-07-10,14321.2,14284.88,12718.98,True,True,446,138,32,616,72.4,ADVANCING,RISK_ON,1.0,75
2026-07-13,14092.0,14274.84,12732.1,True,False,162,442,13,617,26.3,DECLINING,NEUTRAL,1.0,75
2026-07-14,14080.0,14269.85,12745.84,True,False,350,241,26,617,56.7,ADVANCING,RISK_ON,1.0,75
2026-07-16,14251.3,14268.65,12760.26,True,False,484,115,18,617,78.4,ADVANCING,RISK_ON,1.0,75
2026-07-17,13981.1,14259.42,12773.28,True,False,159,437,22,618,25.7,DECLINING,NEUTRAL,1.0,75
2026-07-20,14071.0,14253.45,12787.88,True,False,341,247,31,619,55.1,ADVANCING,RISK_ON,1.0,75
2026-07-21,13974.1,14243.02,12802.51,True,False,196,396,27,619,31.7,DECLINING,NEUTRAL,1.0,75
2026-07-22,14138.9,14227.45,12818.14,True,False,327,250,42,619,52.8,ADVANCING,RISK_ON,1.0,75
2026-07-23,14077.7,14208.19,12832.43,True,False,253,334,32,619,40.9,DECLINING,NEUTRAL,1.0,75
2026-07-24,13943.9,14185.82,12846.74,True,False,184,418,17,619,29.7,DECLINING,NEUTRAL,1.0,75
2026-07-27,13774.8,14158.64,12861.32,True,False,141,459,19,619,22.8,DECLINING,NEUTRAL,1.0,75
2026-07-28,13687.9,14136.8,12876.08,True,False,150,454,15,619,24.2,DECLINING,NEUTRAL,1.0,75
2026-07-29,13501.6,14114.87,12889.52,True,False,96,513,10,619,15.5,DECLINING,NEUTRAL,1.0,75
2026-07-30,13292.9,14087.83,12902.2,True,False,171,433,17,621,27.5,DECLINING,NEUTRAL,1.0,75
2026-07-31,13458.1,14069.64,12915.86,True,False,400,199,23,622,64.3,ADVANCING,RISK_ON,1.0,75
2026-08-03,13410.5,14057.26,12929.31,True,False,217,387,19,623,34.8,DECLINING,NEUTRAL,1.0,75
2026-08-04,13687.9,14050.78,12944.97,True,False,486,110,27,623,78.0,ADVANCING,RISK_ON,1.0,75
2026-08-05,13703.1,14061.56,12961.9,True,False,230,370,23,623,36.9,DECLINING,NEUTRAL,1.0,75
2026-08-06,13798.8,14061.37,12978.57,True,False,280,304,39,623,44.9,DECLINING,NEUTRAL,1.0,75
2026-08-07,13779.4,14059.14,12995.62,True,False,353,235,35,623,56.7,ADVANCING,RISK_ON,1.0,75
2026-08-10,13811.6,14062.12,13013.63,True,False,242,361,20,623,38.8,DECLINING,NEUTRAL,1.0,75
2026-08-11,13704.5,14062.13,13029.73,True,False,209,389,25,623,33.5,DECLINING,NEUTRAL,1.0,75
2026-08-12,14110.1,14060.33,13047.95,True,True,337,254,32,623,54.1,ADVANCING,RISK_ON,1.0,75
2026-08-13,14132.2,14063.66,13065.85,True,True,342,254,27,623,54.9,ADVANCING,RISK_ON,1.0,75
2026-08-14,14172.3,14069.66,13083.67,True,True,352,246,25,623,56.5,ADVANCING,RISK_ON,1.0,75
2026-08-17,14132.1,14078.42,13099.62,True,True,286,308,29,623,45.9,DECLINING,NEUTRAL,1.0,75
2026-08-18,14128.0,14083.76,13115.99,True,True,188,411,24,623,30.2,DECLINING,NEUTRAL,1.0,75
2026-08-19,14459.0,14098.11,13133.93,True,True,415,186,22,623,66.6,ADVANCING,RISK_ON,1.0,75
2026-08-20,14396.5,14111.14,13151.73,True,True,315,278,30,623,50.6,ADVANCING,RISK_ON,1.0,75
2026-08-21,14514.8,14126.57,13169.45,True,True,316,270,37,623,50.7,ADVANCING,RISK_ON,1.0,75
2026-08-24,14501.5,14137.83,13186.65,True,True,2,3,2,7,28.6,DECLINING,NEUTRAL,1.0,75
2026-08-25,14473.4,14138.37,13204.45,True,True,2,3,2,7,28.6,DECLINING,NEUTRAL,1.0,75
2026-08-26,14610.9,14140.73,13222.65,True,True,343,246,34,623,55.1,ADVANCING,RISK_ON,1.0,75
2026-08-27,14575.5,14143.81,13240.16,True,True,235,350,38,623,37.7,DECLINING,NEUTRAL,1.0,75
2026-08-28,14641.6,14140.1,13258.75,True,True,3,1,2,6,50.0,ADVANCING,RISK_ON,1.0,75
2026-08-31,14334.1,14132.09,13276.47,True,True,1,3,2,6,16.7,DECLINING,NEUTRAL,1.0,75
2026-09-01,14229.0,14122.07,13294.74,True,True,194,410,19,623,31.1,DECLINING,NEUTRAL,1.0,75
2026-09-02,14050.6,14112.29,13311.78,True,False,178,423,22,623,28.6,DECLINING,NEUTRAL,1.0,75
2026-09-03,13932.5,14104.32,13328.3,True,False,117,486,20,623,18.8,DECLINING,NEUTRAL,1.0,75
2026-09-04,14012.4,14099.37,13345.54,True,False,394,201,28,623,63.2,ADVANCING,RISK_ON,1.0,75
2026-09-07,14151.6,14096.92,13362.8,True,True,65,38,4,107,60.7,ADVANCING,RISK_ON,1.0,75
2026-09-08,14405.3,14101.37,13381.19,True,True,73,28,6,107,68.2,ADVANCING,RISK_ON,1.0,75
2026-09-09,14505.5,14109.04,13399.2,True,True,279,304,40,623,44.8,DECLINING,NEUTRAL,1.0,75
2026-09-10,14393.9,14109.91,13416.27,True,True,208,393,22,623,33.4,DECLINING,NEUTRAL,1.0,75
2026-09-11,14467.3,14110.15,13433.99,True,True,246,348,29,623,39.5,DECLINING,NEUTRAL,1.0,75
2026-09-14,14235.8,14106.51,13450.73,True,True,119,487,17,623,19.1,DECLINING,NEUTRAL,1.0,75
2026-09-15,13892.3,14095.87,13465.9,True,False,77,528,18,623,12.4,DECLINING,NEUTRAL,1.0,75
2026-09-16,13122.6,14068.37,13476.94,False,False,21,596,6,623,3.4,DECLINING,RISK_OFF,0.5,83
2026-09-17,13509.8,14054.77,13489.76,True,False,151,189,11,351,43.0,DECLINING,NEUTRAL,1.0,75
2026-09-18,13284.4,14038.35,13501.69,False,False,46,302,3,351,13.1,DECLINING,RISK_OFF,0.5,83
2026-09-21,13337.7,14018.68,13512.8,False,False,109,504,10,623,17.5,DECLINING,RISK_OFF,0.5,83
2026-09-22,13198.8,14000.81,13523.18,False,False,274,323,26,623,44.0,DECLINING,RISK_OFF,0.5,83
2026-09-23,13251.9,13984.25,13534.25,False,False,309,295,19,623,49.6,ADVANCING,NEUTRAL,1.0,75
2026-09-24,12888.3,13956.99,13544.1,False,False,71,541,11,623,11.4,DECLINING,RISK_OFF,0.5,83
2026-09-25,12899.4,13935.36,13553.56,False,False,371,226,26,623,59.6,ADVANCING,NEUTRAL,1.0,75
